<?xml version="1.0" encoding="utf-8"?>
<vesitams2013to2014>
<Preset>
<presetTableName>attendance_manisha_se_cmpn_d7a_aoa_classlecture</presetTableName>
<DurationHours>1</DurationHours>
<TeacherUsername>Manisha</TeacherUsername>
<TeacherHashedPW>6109c95d059e0faf0ca11d4e3249c9e5511ca937</TeacherHashedPW>
<TeacherSalt>j9POcjfwYl2iJF7i</TeacherSalt>
<numStudents>76</numStudents>
</Preset>
<Preset>
<presetTableName>attendance_manisha_te_cmpn_d12a_spcc_classlecture</presetTableName>
<DurationHours>1</DurationHours>
<TeacherUsername>Manisha</TeacherUsername>
<TeacherHashedPW>6109c95d059e0faf0ca11d4e3249c9e5511ca937</TeacherHashedPW>
<TeacherSalt>j9POcjfwYl2iJF7i</TeacherSalt>
<numStudents>81</numStudents>
</Preset>
<Preset>
<presetTableName>attendance_manisha_te_cmpn_d12a_spcc_practicals</presetTableName>
<DurationHours>2</DurationHours>
<TeacherUsername>Manisha</TeacherUsername>
<TeacherHashedPW>6109c95d059e0faf0ca11d4e3249c9e5511ca937</TeacherHashedPW>
<TeacherSalt>j9POcjfwYl2iJF7i</TeacherSalt>
<numStudents>81</numStudents>
</Preset>
<Preset>
<presetTableName>attendance_ritesh_te_cmpn_d12a_acn_classlecture</presetTableName>
<DurationHours>1</DurationHours>
<TeacherUsername>TCHR_1</TeacherUsername>
<TeacherHashedPW>3b4dd75d7e181b1eb4ca0576dfe96b861da70465</TeacherHashedPW>
<TeacherSalt>cooperHawk</TeacherSalt>
<numStudents>81</numStudents>
</Preset>
<Preset>
<presetTableName>attendance_ritesh_te_cmpn_d12a_acn_practicals</presetTableName>
<DurationHours>2</DurationHours>
<TeacherUsername>TCHR_1</TeacherUsername>
<TeacherHashedPW>3b4dd75d7e181b1eb4ca0576dfe96b861da70465</TeacherHashedPW>
<TeacherSalt>cooperHawk</TeacherSalt>
<numStudents>81</numStudents>
</Preset>
</vesitams2013to2014>
